Keyword,Strict impressions,Appeared in Search
ascii,27300,82496
,,
ascii check mark,85,85
what is ascii,277,277
ascii decoder,175,175
ascii codes,2043,2087
codice ascii,1103,1103
tabella ascii,532,532
codigo ascci,185,185
extended ascii table,79,79
image to ascii,211,232
asciiコード,748,836
tabla ascii,545,545
codigos ascii,306,306
a,1268840,35638458
hex to ascii,1650,1871
ascii text,230,491
shrug ascii,419,419
ascii converter,539,831
ascii art generator,815,815
ascii symbols,431,431
ascii character codes,88,88
unicode table,700,902
アスキー,1284,1284
asc,9031,50500
アスキーコード,653,764
ascll码表,307,307
what does ascii stand for,182,182
asic,20407,35175
asciiコード表,2826,2826
ascii emoji,264,264
ascii meaning,40,40
ascii code lijst,44,44
ascii to binary,195,195
ascii code,3567,4237
site baike.baidu.com,1845,1845
ascii表,320,320
ascii character table,176,176
ascii code durchmesser,20,20
code ascii,1490,1558
ascii generator,297,297
python ascii,203,203
text to ascii,236,309
ascii faces,171,171
asiis,2001,3098
código ascii,885,2370
asciitable,28,28
table ascii,468,468
asci,236,236
código ascii completo,1232,1232
ascii码对照表,760,760
ascii heart,172,172
mapa caracteres windows 10,49,49
extended ascii,212,291
ascii 码,62,62
american standard code for information interchange,48,48
open ascii file,167,167
codigo ascii,2762,2762
códigos ascii,168,168
hex ascii,41,41
ascii text generator,167,167
ascii shrug,513,513
ascii码表,3714,3714
ascll码,98,98
アスキー-,205,205
ascii pc,59,59
ascii table,15358,15629
ascii tabelle,3052,3052
ascii characters,976,976
caracteres ascii,200,200
acsi,4586,8579
ascii value,80,237
ascii zeichen,108,108
acci,493,560
ascii character set,179,179
ascii file,331,498
ascii code table,396,396
código ascii pdf,253,253
ascii码,8587,8587
ascii translator,188,188
codes ascii,60,60
ascii to hex,594,675
ascii value of a,157,157
ascii emoticons,28,28
ascii to text,220,241
aski,672,2792
ascii images,21,21
ascii 코드표,137,137
ascii chart,1917,1917
caratteri ascii,225,225
character codes,27,347
tabla de caracteres,111,111
tabela ascii,377,377
ascii 変換,189,189
ascii art,3839,4801
ascii character,89,560
ascii character chart,28,28
binary to ascii,360,444
ascii values,292,292
